source,destination
assets/images/eventos/2023/mesadeabertura/001_seminario_2024_mesadeabertura.jpg,assets/images/eventos/2024/mesadeabertura/001_seminario_2024_mesadeabertura.jpg
assets/images/eventos/2023/mesadeabertura/002_seminario_2024_mesadeabertura.jpg,assets/images/eventos/2024/mesadeabertura/002_seminario_2024_mesadeabertura.jpg
assets/images/eventos/2023/mesadeabertura/003_seminario_2024_mesadeabertura.jpg,assets/images/eventos/2024/mesadeabertura/003_seminario_2024_mesadeabertura.jpg
assets/images/eventos/2023/mesadeabertura/004_seminario_2024_mesadeabertura.jpg,assets/images/eventos/2024/mesadeabertura/004_seminario_2024_mesadeabertura.jpg
assets/images/eventos/2023/mesadeabertura/005_seminario_2024_mesadeabertura.jpg,assets/images/eventos/2024/mesadeabertura/005_seminario_2024_mesadeabertura.jpg
assets/images/eventos/2023/mesadeabertura/006_seminario_2024_mesadeabertura.jpg,assets/images/eventos/2024/mesadeabertura/006_seminario_2024_mesadeabertura.jpg
assets/images/eventos/2023/mesadeabertura/007_seminario_2024_mesadeabertura.jpg,assets/images/eventos/2024/mesadeabertura/007_seminario_2024_mesadeabertura.jpg
assets/images/eventos/2023/mesadeabertura/008_seminario_2024_mesadeabertura.jpg,assets/images/eventos/2024/mesadeabertura/008_seminario_2024_mesadeabertura.jpg
assets/images/eventos/2023/mesadeabertura/009_seminario_2024_mesadeabertura.jpg,assets/images/eventos/2024/mesadeabertura/009_seminario_2024_mesadeabertura.jpg
assets/images/eventos/2023/mesadeabertura/010_seminario_2024_mesadeabertura.jpg,assets/images/eventos/2024/mesadeabertura/010_seminario_2024_mesadeabertura.jpg
assets/images/eventos/2023/mesadeabertura/011_seminario_2024_mesadeabertura.jpg,assets/images/eventos/2024/mesadeabertura/011_seminario_2024_mesadeabertura.jpg
assets/images/eventos/2023/mesadeabertura/012_seminario_2024_mesadeabertura.jpg,assets/images/eventos/2024/mesadeabertura/012_seminario_2024_mesadeabertura.jpg
assets/images/eventos/2023/mesadeabertura/013_seminario_2024_mesadeabertura.jpg,assets/images/eventos/2024/mesadeabertura/013_seminario_2024_mesadeabertura.jpg
assets/images/eventos/2023/painel1/001_seminario_2024_painel1.jpg,assets/images/eventos/2024/painel1/001_seminario_2024_painel1.jpg
assets/images/eventos/2023/painel1/002_seminario_2024_painel1.jpg,assets/images/eventos/2024/painel1/002_seminario_2024_painel1.jpg
assets/images/eventos/2023/painel1/003_seminario_2024_painel1.jpg,assets/images/eventos/2024/painel1/003_seminario_2024_painel1.jpg
assets/images/eventos/2023/painel1/004_seminario_2024_painel1.jpg,assets/images/eventos/2024/painel1/004_seminario_2024_painel1.jpg
assets/images/eventos/2023/painel1/005_seminario_2024_painel1.jpg,assets/images/eventos/2024/painel1/005_seminario_2024_painel1.jpg
assets/images/eventos/2023/painel1/006_seminario_2024_painel1.jpg,assets/images/eventos/2024/painel1/006_seminario_2024_painel1.jpg
assets/images/eventos/2023/painel1/007_seminario_2024_painel1.jpg,assets/images/eventos/2024/painel1/007_seminario_2024_painel1.jpg
assets/images/eventos/2023/painel1/008_seminario_2024_painel1.jpg,assets/images/eventos/2024/painel1/008_seminario_2024_painel1.jpg
assets/images/eventos/2023/painel1/009_seminario_2024_painel1.jpg,assets/images/eventos/2024/painel1/009_seminario_2024_painel1.jpg
assets/images/eventos/2023/painel1/010_seminario_2024_painel1.jpg,assets/images/eventos/2024/painel1/010_seminario_2024_painel1.jpg
assets/images/eventos/2023/painel1/011_seminario_2024_painel1.jpg,assets/images/eventos/2024/painel1/011_seminario_2024_painel1.jpg
assets/images/eventos/2023/painel1/012_seminario_2024_painel1.jpg,assets/images/eventos/2024/painel1/012_seminario_2024_painel1.jpg
assets/images/eventos/2023/painel1/013_seminario_2024_painel1.jpg,assets/images/eventos/2024/painel1/013_seminario_2024_painel1.jpg
assets/images/eventos/2023/painel1/014_seminario_2024_painel1.jpg,assets/images/eventos/2024/painel1/014_seminario_2024_painel1.jpg
assets/images/eventos/2023/painel2/001_seminario_2024_painel2.jpg,assets/images/eventos/2024/painel2/001_seminario_2024_painel2.jpg
assets/images/eventos/2023/painel2/002_seminario_2024_painel2.jpg,assets/images/eventos/2024/painel2/002_seminario_2024_painel2.jpg
assets/images/eventos/2023/painel2/003_seminario_2024_painel2.jpg,assets/images/eventos/2024/painel2/003_seminario_2024_painel2.jpg
assets/images/eventos/2023/painel2/004_seminario_2024_painel2.jpg,assets/images/eventos/2024/painel2/004_seminario_2024_painel2.jpg
assets/images/eventos/2023/painel2/005_seminario_2024_painel2.jpg,assets/images/eventos/2024/painel2/005_seminario_2024_painel2.jpg
assets/images/eventos/2023/painel2/006_seminario_2024_painel2.jpg,assets/images/eventos/2024/painel2/006_seminario_2024_painel2.jpg
assets/images/eventos/2023/painel2/007_seminario_2024_painel23.jpg,assets/images/eventos/2024/painel2/007_seminario_2024_painel23.jpg
assets/images/eventos/2023/painel2/008_seminario_2024_painel2.jpg,assets/images/eventos/2024/painel2/008_seminario_2024_painel2.jpg
assets/images/eventos/2023/painel2/009_seminario_2024_painel2.jpg,assets/images/eventos/2024/painel2/009_seminario_2024_painel2.jpg
assets/images/eventos/2023/painel2/9V9C9206.jpg,assets/images/eventos/2024/painel2/010_seminario_2024_painel2.jpg
assets/images/eventos/2023/painel2/9V9C9220.jpg,assets/images/eventos/2024/painel2/011_seminario_2024_painel2.jpg
assets/images/eventos/2023/painel2/010_seminario_2024_painel2.jpg,assets/images/eventos/2024/painel2/012_seminario_2024_painel2.jpg
assets/images/eventos/2023/painel3/001_seminario_2024_painel3.jpg,assets/images/eventos/2024/painel3/001_seminario_2024_painel3.jpg
assets/images/eventos/2023/painel3/002_seminario_2024_painel3.jpg,assets/images/eventos/2024/painel3/002_seminario_2024_painel3.jpg
assets/images/eventos/2023/painel3/003_seminario_2024_painel3.jpg,assets/images/eventos/2024/painel3/003_seminario_2024_painel3.jpg
assets/images/eventos/2023/painel3/004_seminario_2024_painel3.jpg,assets/images/eventos/2024/painel3/004_seminario_2024_painel3.jpg
assets/images/eventos/2023/painel3/005_seminario_2024_painel3.jpg,assets/images/eventos/2024/painel3/005_seminario_2024_painel3.jpg
assets/images/eventos/2023/painel3/006_seminario_2024_painel3.jpg,assets/images/eventos/2024/painel3/006_seminario_2024_painel3.jpg
assets/images/eventos/2023/painel3/007_seminario_2024_painel3.jpg,assets/images/eventos/2024/painel3/007_seminario_2024_painel3.jpg
assets/images/eventos/2023/painel3/008_seminario_2024_painel3.jpg,assets/images/eventos/2024/painel3/008_seminario_2024_painel3.jpg
assets/images/eventos/2023/painel3/009_seminario_2024_painel3.jpg,assets/images/eventos/2024/painel3/009_seminario_2024_painel3.jpg
assets/images/eventos/2023/painel3/9V9C9478.jpg,assets/images/eventos/2024/painel3/010_seminario_2024_painel3.jpg
assets/images/eventos/2023/painel3/010_seminario_2024_painel3.jpg,assets/images/eventos/2024/painel3/011_seminario_2024_painel3.jpg
assets/images/eventos/2023/painel4/001_seminario_2024_painel4.jpg,assets/images/eventos/2024/painel4/001_seminario_2024_painel4.jpg
assets/images/eventos/2023/painel4/002_seminario_2024_painel4.jpg,assets/images/eventos/2024/painel4/002_seminario_2024_painel4.jpg
assets/images/eventos/2023/painel4/003_seminario_2024_painel4.jpg,assets/images/eventos/2024/painel4/003_seminario_2024_painel4.jpg
assets/images/eventos/2023/painel4/004_seminario_2024_painel4.jpg,assets/images/eventos/2024/painel4/004_seminario_2024_painel4.jpg
assets/images/eventos/2023/painel4/005_seminario_2024_painel4.jpg,assets/images/eventos/2024/painel4/005_seminario_2024_painel4.jpg
assets/images/eventos/2023/painel4/006_seminario_2024_painel4.jpg,assets/images/eventos/2024/painel4/006_seminario_2024_painel4.jpg
assets/images/eventos/2023/painel4/007_seminario_2024_painel4.jpg,assets/images/eventos/2024/painel4/007_seminario_2024_painel4.jpg
assets/images/eventos/2023/painel4/008_seminario_2024_painel4.jpg,assets/images/eventos/2024/painel4/008_seminario_2024_painel4.jpg
assets/images/eventos/2023/painel4/009_seminario_2024_painel4.jpg,assets/images/eventos/2024/painel4/009_seminario_2024_painel4.jpg
assets/images/eventos/2023/painel4/010_seminario_2024_painel4.jpg,assets/images/eventos/2024/painel4/010_seminario_2024_painel4.jpg
assets/images/eventos/2023/painel4/011_seminario_2024_painel4.jpg,assets/images/eventos/2024/painel4/011_seminario_2024_painel4.jpg
assets/images/eventos/2023/painel4/012_seminario_2024_painel4.jpg,assets/images/eventos/2024/painel4/012_seminario_2024_painel4.jpg
assets/images/eventos/2023/painel4/013_seminario_2024_painel4.jpg,assets/images/eventos/2024/painel4/013_seminario_2024_painel4.jpg
assets/images/eventos/2023/painel5/001_seminario_2024_painel5.jpg,assets/images/eventos/2024/painel5/001_seminario_2024_painel5.jpg
assets/images/eventos/2023/painel5/002_seminario_2024_painel5.jpg,assets/images/eventos/2024/painel5/002_seminario_2024_painel5.jpg
assets/images/eventos/2023/painel5/003_seminario_2024_painel5.jpg,assets/images/eventos/2024/painel5/003_seminario_2024_painel5.jpg
assets/images/eventos/2023/painel5/004_seminario_2024_painel5.jpg,assets/images/eventos/2024/painel5/004_seminario_2024_painel5.jpg
assets/images/eventos/2023/painel5/005_seminario_2024_painel5.jpg,assets/images/eventos/2024/painel5/005_seminario_2024_painel5.jpg
assets/images/eventos/2023/painel5/006_seminario_2024_painel5.jpg,assets/images/eventos/2024/painel5/006_seminario_2024_painel5.jpg
assets/images/eventos/2023/painel5/007_seminario_2024_painel5.jpg,assets/images/eventos/2024/painel5/007_seminario_2024_painel5.jpg
assets/images/eventos/2023/painel5/008_seminario_2024_painel5.jpg,assets/images/eventos/2024/painel5/008_seminario_2024_painel5.jpg
assets/images/eventos/2023/painel5/009_seminario_2024_painel5.jpg,assets/images/eventos/2024/painel5/009_seminario_2024_painel5.jpg
assets/images/eventos/2023/painel5/010_seminario_2024_painel5.jpg,assets/images/eventos/2024/painel5/010_seminario_2024_painel5.jpg
assets/images/eventos/2023/painel5/011_seminario_2024_painel5.jpg,assets/images/eventos/2024/painel5/011_seminario_2024_painel5.jpg
assets/images/eventos/2023/painel5/012_seminario_2024_painel5.jpg,assets/images/eventos/2024/painel5/012_seminario_2024_painel5.jpg
